{
  "version": 1,
  "camera": {
    "position": [
      2.1848211753905904,
      3.5846399657681083,
      21.11957359032315
    ],
    "rotation": [
      12.319999999999995,
      -173.88000000000045,
      0.0
    ],
    "fov_deg": 65.0,
    "near": 0.1,
    "orbit_target": [
      0.43499999999999994,
      0.0,
      4.8
    ],
    "orbit_distance": 16.8,
    "orbit_yaw": -173.88000000000045,
    "orbit_pitch": -12.319999999999995
  },
  "light": [
    0.0,
    4.0,
    -2.0
  ],
  "render": {
    "mode": "wireframe",
    "show_edges": true,
    "show_normals": true,
    "show_local_axes": true
  },
  "steps": {
    "move": 0.4,
    "rotate": 8.0
  },
  "objects": [
    {
      "name": "О",
      "size": [
        1.0,
        1.0,
        1.0
      ],
      "position": [
        -1.8,
        0.0,
        4.5
      ],
      "rotation": [
        0.0,
        0.0,
        0.0
      ],
      "mirror": [
        1.0,
        1.0,
        1.0
      ],
      "color": [
        230,
        112,
        228
      ]
    },
    {
      "name": "В",
      "size": [
        1.0,
        1.0,
        1.0
      ],
      "position": [
        1.7935999999999996,
        -0.02879999999999997,
        5.0
      ],
      "rotation": [
        1.60000000000031,
        -1.9999999999999583,
        32.0
      ],
      "mirror": [
        1.0,
        1.0,
        1.0
      ],
      "color": [
        235,
        235,
        45
      ]
    }
  ]
}